{
    "avg_prec": 0.4797543533155131,
    "roc_auc": 0.9451072190122438
}